{
  "implementation" : "JNI",
  "durationSec" : 120.098565712,
  "finalMetrics" : {
    "setCommands" : 1439473,
    "getCommands" : 5765030,
    "getHits" : 4613794,
    "getMisses" : 1151236,
    "setErrors" : 0,
    "getErrors" : 0,
    "setLatencies" : {
      "count" : 1439473,
      "min" : 0.084108,
      "max" : 19.911915,
      "mean" : 0.9177015140214608,
      "stdDev" : 0.7301943085268157,
      "p50" : 0.5537165,
      "p90" : 1.9978280000000002,
      "p95" : 2.1408976999999996,
      "p99" : 2.53958045
    },
    "getHitLatencies" : {
      "count" : 4613794,
      "min" : 0.076886,
      "max" : 19.739526,
      "mean" : 0.90531263819644,
      "stdDev" : 0.7287801547536774,
      "p50" : 0.5464725,
      "p90" : 1.993905,
      "p95" : 2.11415915,
      "p99" : 2.5398334399999998
    },
    "getMissLatencies" : {
      "count" : 1151236,
      "min" : 0.077668,
      "max" : 13.527416,
      "mean" : 0.9109713276756477,
      "stdDev" : 0.7317821094564845,
      "p50" : 0.5467905,
      "p90" : 1.988784,
      "p95" : 2.1032889,
      "p99" : 2.4719791899999994
    },
    "timestamp" : 1757326829688
  },
  "checkpoints" : [ {
    "setCommands" : 360189,
    "getCommands" : 1439801,
    "getHits" : 1151820,
    "getMisses" : 287981,
    "setErrors" : 0,
    "getErrors" : 0,
    "setLatencies" : {
      "count" : 360202,
      "min" : 0.084108,
      "max" : 19.911915,
      "mean" : 0.9367278964664334,
      "stdDev" : 0.7584731164105379,
      "p50" : 0.544274,
      "p90" : 1.9399049,
      "p95" : 2.107547249999999,
      "p99" : 2.8408289100000004
    },
    "getHitLatencies" : {
      "count" : 1151940,
      "min" : 0.080893,
      "max" : 19.739526,
      "mean" : 0.9229476615353432,
      "stdDev" : 0.7558803363174788,
      "p50" : 0.5454829999999999,
      "p90" : 1.9801646,
      "p95" : 2.1145987499999994,
      "p99" : 2.5825370899999998
    },
    "getMissLatencies" : {
      "count" : 288034,
      "min" : 0.079233,
      "max" : 13.527416,
      "mean" : 0.9282634382572853,
      "stdDev" : 0.7597034140856816,
      "p50" : 0.5609805,
      "p90" : 1.9897957,
      "p95" : 2.0920698,
      "p99" : 2.53822354
    },
    "timestamp" : 1757326739620
  }, {
    "setCommands" : 720154,
    "getCommands" : 2879866,
    "getHits" : 2304372,
    "getMisses" : 575494,
    "setErrors" : 0,
    "getErrors" : 0,
    "setLatencies" : {
      "count" : 720154,
      "min" : 0.084108,
      "max" : 19.911915,
      "mean" : 0.9274900315071776,
      "stdDev" : 0.741679363246862,
      "p50" : 0.565288,
      "p90" : 2.0229018,
      "p95" : 2.2038457,
      "p99" : 2.52506723
    },
    "getHitLatencies" : {
      "count" : 2304392,
      "min" : 0.0788,
      "max" : 19.739526,
      "mean" : 0.914170813743907,
      "stdDev" : 0.7395285633613526,
      "p50" : 0.5259405,
      "p90" : 1.9994112,
      "p95" : 2.1025484,
      "p99" : 2.4334165699999994
    },
    "getMissLatencies" : {
      "count" : 575501,
      "min" : 0.079233,
      "max" : 13.527416,
      "mean" : 0.919703352216592,
      "stdDev" : 0.7433098880646744,
      "p50" : 0.5487225,
      "p90" : 1.9926402,
      "p95" : 2.109409399999999,
      "p99" : 2.6043539
    },
    "timestamp" : 1757326769614
  }, {
    "setCommands" : 1080213,
    "getCommands" : 4319853,
    "getHits" : 3457197,
    "getMisses" : 862656,
    "setErrors" : 0,
    "getErrors" : 0,
    "setLatencies" : {
      "count" : 1080213,
      "min" : 0.084108,
      "max" : 19.911915,
      "mean" : 0.9186951034240781,
      "stdDev" : 0.7317836673196977,
      "p50" : 0.579634,
      "p90" : 2.0133294,
      "p95" : 2.1848142,
      "p99" : 2.52493063
    },
    "getHitLatencies" : {
      "count" : 3457266,
      "min" : 0.076886,
      "max" : 19.739526,
      "mean" : 0.9056852753860901,
      "stdDev" : 0.7298241915143873,
      "p50" : 0.5404195,
      "p90" : 2.0034498,
      "p95" : 2.1243059,
      "p99" : 2.5210858199999997
    },
    "getMissLatencies" : {
      "count" : 862677,
      "min" : 0.077668,
      "max" : 13.527416,
      "mean" : 0.9112248643779826,
      "stdDev" : 0.7330454161731307,
      "p50" : 0.5403475,
      "p90" : 1.9865453,
      "p95" : 2.1235203499999993,
      "p99" : 2.56569725
    },
    "timestamp" : 1757326799616
  }, {
    "setCommands" : 1438624,
    "getCommands" : 5761577,
    "getHits" : 4611022,
    "getMisses" : 1150555,
    "setErrors" : 0,
    "getErrors" : 0,
    "setLatencies" : {
      "count" : 1438624,
      "min" : 0.084108,
      "max" : 19.911915,
      "mean" : 0.9173423902917047,
      "stdDev" : 0.7299063587893767,
      "p50" : 0.5537165,
      "p90" : 1.9978280000000002,
      "p95" : 2.1408976999999996,
      "p99" : 2.53958045
    },
    "getHitLatencies" : {
      "count" : 4611029,
      "min" : 0.076886,
      "max" : 19.739526,
      "mean" : 0.9049657141373223,
      "stdDev" : 0.7284726603470073,
      "p50" : 0.5464725,
      "p90" : 1.993905,
      "p95" : 2.11415915,
      "p99" : 2.5398334399999998
    },
    "getMissLatencies" : {
      "count" : 1150575,
      "min" : 0.077668,
      "max" : 13.527416,
      "mean" : 0.9106152479734068,
      "stdDev" : 0.7315030219314731,
      "p50" : 0.5467905,
      "p90" : 1.988784,
      "p95" : 2.1032889,
      "p99" : 2.4719791899999994
    },
    "timestamp" : 1757326829615
  }, {
    "setCommands" : 1439473,
    "getCommands" : 5765030,
    "getHits" : 4613794,
    "getMisses" : 1151236,
    "setErrors" : 0,
    "getErrors" : 0,
    "setLatencies" : {
      "count" : 1439473,
      "min" : 0.084108,
      "max" : 19.911915,
      "mean" : 0.9177015140214608,
      "stdDev" : 0.7301943085268157,
      "p50" : 0.5537165,
      "p90" : 1.9978280000000002,
      "p95" : 2.1408976999999996,
      "p99" : 2.53958045
    },
    "getHitLatencies" : {
      "count" : 4613794,
      "min" : 0.076886,
      "max" : 19.739526,
      "mean" : 0.90531263819644,
      "stdDev" : 0.7287801547536774,
      "p50" : 0.5464725,
      "p90" : 1.993905,
      "p95" : 2.11415915,
      "p99" : 2.5398334399999998
    },
    "getMissLatencies" : {
      "count" : 1151236,
      "min" : 0.077668,
      "max" : 13.527416,
      "mean" : 0.9109713276756477,
      "stdDev" : 0.7317821094564845,
      "p50" : 0.5467905,
      "p90" : 1.988784,
      "p95" : 2.1032889,
      "p99" : 2.4719791899999994
    },
    "timestamp" : 1757326829688
  } ],
  "resourceCheckpoints" : [ {
    "timestamp" : 1757326739623,
    "processCpuLoad" : 17.77424346629986,
    "systemCpuLoad" : 17.43681224209078,
    "availableProcessors" : 4,
    "usedMemory" : 724,
    "totalMemory" : 4096,
    "maxMemory" : 4096,
    "heapUsed" : 722,
    "heapCommitted" : 4096,
    "heapMax" : 4096,
    "nonHeapUsed" : 13,
    "usedPhysicalMemory" : 8750,
    "totalPhysicalMemory" : 126507
  }, {
    "timestamp" : 1757326769615,
    "processCpuLoad" : 17.430600387346676,
    "systemCpuLoad" : 17.125026899074673,
    "availableProcessors" : 4,
    "usedMemory" : 1897,
    "totalMemory" : 4096,
    "maxMemory" : 4096,
    "heapUsed" : 1894,
    "heapCommitted" : 4096,
    "heapMax" : 4096,
    "nonHeapUsed" : 17,
    "usedPhysicalMemory" : 8761,
    "totalPhysicalMemory" : 126507
  }, {
    "timestamp" : 1757326799620,
    "processCpuLoad" : 17.449043283614213,
    "systemCpuLoad" : 16.85211889029981,
    "availableProcessors" : 4,
    "usedMemory" : 685,
    "totalMemory" : 4096,
    "maxMemory" : 4096,
    "heapUsed" : 680,
    "heapCommitted" : 4096,
    "heapMax" : 4096,
    "nonHeapUsed" : 17,
    "usedPhysicalMemory" : 8759,
    "totalPhysicalMemory" : 126507
  }, {
    "timestamp" : 1757326829617,
    "processCpuLoad" : 17.349506419769018,
    "systemCpuLoad" : 17.092528068137824,
    "availableProcessors" : 4,
    "usedMemory" : 1845,
    "totalMemory" : 4096,
    "maxMemory" : 4096,
    "heapUsed" : 1840,
    "heapCommitted" : 4096,
    "heapMax" : 4096,
    "nonHeapUsed" : 17,
    "usedPhysicalMemory" : 8756,