{
  "implementation" : "JNI",
  "durationSec" : 120.061292232,
  "finalMetrics" : {
    "setCommands" : 239875,
    "getCommands" : 960534,
    "getHits" : 768912,
    "getMisses" : 191622,
    "setErrors" : 0,
    "getErrors" : 0,
    "setLatencies" : {
      "count" : 239875,
      "min" : 0.102321,
      "max" : 10.373105,
      "mean" : 0.6758506983178751,
      "stdDev" : 0.6450476204950213,
      "p50" : 0.30652650000000004,
      "p90" : 1.6709625000000001,
      "p95" : 1.8105791,
      "p99" : 1.95361101
    },
    "getHitLatencies" : {
      "count" : 768912,
      "min" : 0.103113,
      "max" : 10.052992,
      "mean" : 0.6906955175975935,
      "stdDev" : 0.6523302484436937,
      "p50" : 0.3347985,
      "p90" : 1.7290786,
      "p95" : 1.8809469499999996,
      "p99" : 1.99170744
    },
    "getMissLatencies" : {
      "count" : 191622,
      "min" : 0.077248,
      "max" : 9.245463,
      "mean" : 0.6566759575205401,
      "stdDev" : 0.6549299170448475,
      "p50" : 0.28429550000000003,
      "p90" : 1.6396284,
      "p95" : 1.8076693499999998,
      "p99" : 1.94357464
    },
    "timestamp" : 1757327311162
  },
  "checkpoints" : [ {
    "setCommands" : 59918,
    "getCommands" : 240076,
    "getHits" : 192018,
    "getMisses" : 48058,
    "setErrors" : 0,
    "getErrors" : 0,
    "setLatencies" : {
      "count" : 59918,
      "min" : 0.10714,
      "max" : 9.974481,
      "mean" : 0.6856052069494978,
      "stdDev" : 0.654780927542355,
      "p50" : 0.3238005,
      "p90" : 1.7332743,
      "p95" : 1.8476827499999997,
      "p99" : 1.96433875
    },
    "getHitLatencies" : {
      "count" : 192032,
      "min" : 0.107103,
      "max" : 10.052992,
      "mean" : 0.6978869067551153,
      "stdDev" : 0.664539338777959,
      "p50" : 0.34210450000000003,
      "p90" : 1.7199311,
      "p95" : 1.8680071,
      "p99" : 2.0199291099999996
    },
    "getMissLatencies" : {
      "count" : 48065,
      "min" : 0.079551,
      "max" : 8.458044,
      "mean" : 0.663663273920733,
      "stdDev" : 0.6639126197214053,
      "p50" : 0.2883365,
      "p90" : 1.6788631,
      "p95" : 1.83099175,
      "p99" : 1.94274551
    },
    "timestamp" : 1757327221122
  }, {
    "setCommands" : 119947,
    "getCommands" : 480044,
    "getHits" : 384206,
    "getMisses" : 95838,
    "setErrors" : 0,
    "getErrors" : 0,
    "setLatencies" : {
      "count" : 119947,
      "min" : 0.104785,
      "max" : 10.373105,
      "mean" : 0.6793638919105942,
      "stdDev" : 0.6520904054089366,
      "p50" : 0.3078165,
      "p90" : 1.7055489000000001,
      "p95" : 1.83381625,
      "p99" : 1.96436342
    },
    "getHitLatencies" : {
      "count" : 384208,
      "min" : 0.106277,
      "max" : 10.052992,
      "mean" : 0.6949277536542597,
      "stdDev" : 0.6604534790904841,
      "p50" : 0.329208,
      "p90" : 1.7123882000000001,
      "p95" : 1.8752997499999997,
      "p99" : 2.0155716900000002
    },
    "getMissLatencies" : {
      "count" : 95840,
      "min" : 0.077248,
      "max" : 9.245463,
      "mean" : 0.6604993840045957,
      "stdDev" : 0.661293223777503,
      "p50" : 0.28372699999999995,
      "p90" : 1.6674604000000002,
      "p95" : 1.8254323,
      "p99" : 1.98441622
    },
    "timestamp" : 1757327251119
  }, {
    "setCommands" : 179769,
    "getCommands" : 720220,
    "getHits" : 576673,
    "getMisses" : 143547,
    "setErrors" : 0,
    "getErrors" : 0,
    "setLatencies" : {
      "count" : 179769,
      "min" : 0.102353,
      "max" : 10.373105,
      "mean" : 0.6766538953323424,
      "stdDev" : 0.6469856716343724,
      "p50" : 0.305874,
      "p90" : 1.7206427,
      "p95" : 1.83714045,
      "p99" : 1.95056862
    },
    "getHitLatencies" : {
      "count" : 576677,
      "min" : 0.106277,
      "max" : 10.052992,
      "mean" : 0.6918580165898726,
      "stdDev" : 0.6545963381947225,
      "p50" : 0.3316925,
      "p90" : 1.7414697000000001,
      "p95" : 1.8922088,
      "p99" : 1.99170744
    },
    "getMissLatencies" : {
      "count" : 143548,
      "min" : 0.077248,
      "max" : 9.245463,
      "mean" : 0.6578610169281375,
      "stdDev" : 0.6560747236748133,
      "p50" : 0.28672600000000004,
      "p90" : 1.6726937,
      "p95" : 1.8148566999999998,
      "p99" : 1.97593828
    },
    "timestamp" : 1757327281119
  }, {
    "setCommands" : 239774,
    "getCommands" : 960217,
    "getHits" : 768658,
    "getMisses" : 191559,
    "setErrors" : 0,
    "getErrors" : 0,
    "setLatencies" : {
      "count" : 239774,
      "min" : 0.102321,
      "max" : 10.373105,
      "mean" : 0.6758587160325985,
      "stdDev" : 0.6450616296574246,
      "p50" : 0.30652650000000004,
      "p90" : 1.6709625000000001,
      "p95" : 1.8105791,
      "p99" : 1.95361101
    },
    "getHitLatencies" : {
      "count" : 768659,
      "min" : 0.103113,
      "max" : 10.052992,
      "mean" : 0.6907005135137956,
      "stdDev" : 0.6523416192436469,
      "p50" : 0.3347985,
      "p90" : 1.7290786,
      "p95" : 1.8809469499999996,
      "p99" : 1.99170744
    },
    "getMissLatencies" : {
      "count" : 191559,
      "min" : 0.077248,
      "max" : 9.245463,
      "mean" : 0.6567232776899072,
      "stdDev" : 0.6549590150287173,
      "p50" : 0.28429550000000003,
      "p90" : 1.6396284,
      "p95" : 1.8076693499999998,
      "p99" : 1.94357464
    },
    "timestamp" : 1757327311118
  }, {
    "setCommands" : 239875,
    "getCommands" : 960534,
    "getHits" : 768912,
    "getMisses" : 191622,
    "setErrors" : 0,
    "getErrors" : 0,
    "setLatencies" : {
      "count" : 239875,
      "min" : 0.102321,
      "max" : 10.373105,
      "mean" : 0.6758506983178751,
      "stdDev" : 0.6450476204950213,
      "p50" : 0.30652650000000004,
      "p90" : 1.6709625000000001,
      "p95" : 1.8105791,
      "p99" : 1.95361101
    },
    "getHitLatencies" : {
      "count" : 768912,
      "min" : 0.103113,
      "max" : 10.052992,
      "mean" : 0.6906955175975935,
      "stdDev" : 0.6523302484436937,
      "p50" : 0.3347985,
      "p90" : 1.7290786,
      "p95" : 1.8809469499999996,
      "p99" : 1.99170744
    },
    "getMissLatencies" : {
      "count" : 191622,
      "min" : 0.077248,
      "max" : 9.245463,
      "mean" : 0.6566759575205401,
      "stdDev" : 0.6549299170448475,
      "p50" : 0.28429550000000003,
      "p90" : 1.6396284,
      "p95" : 1.8076693499999998,
      "p99" : 1.94357464
    },
    "timestamp" : 1757327311162
  } ],
  "resourceCheckpoints" : [ {
    "timestamp" : 1757327221124,
    "processCpuLoad" : 6.637054203682245,
    "systemCpuLoad" : 5.493326466675249,
    "availableProcessors" : 4,
    "usedMemory" : 2090,
    "totalMemory" : 4096,
    "maxMemory" : 4096,
    "heapUsed" : 2086,
    "heapCommitted" : 4096,
    "heapMax" : 4096,
    "nonHeapUsed" : 13,
    "usedPhysicalMemory" : 8333,
    "totalPhysicalMemory" : 126507
  }, {
    "timestamp" : 1757327251120,
    "processCpuLoad" : 6.2494608815664625,
    "systemCpuLoad" : 4.847752954369016,
    "availableProcessors" : 4,
    "usedMemory" : 2136,
    "totalMemory" : 4096,
    "maxMemory" : 4096,
    "heapUsed" : 2134,
    "heapCommitted" : 4096,
    "heapMax" : 4096,
    "nonHeapUsed" : 17,
    "usedPhysicalMemory" : 8764,
    "totalPhysicalMemory" : 126507
  }, {
    "timestamp" : 1757327281120,
    "processCpuLoad" : 6.160851082195033,
    "systemCpuLoad" : 4.488465937290951,
    "availableProcessors" : 4,
    "usedMemory" : 2173,
    "totalMemory" : 4096,
    "maxMemory" : 4096,
    "heapUsed" : 2170,
    "heapCommitted" : 4096,
    "heapMax" : 4096,
    "nonHeapUsed" : 17,
    "usedPhysicalMemory" : 8741,
    "totalPhysicalMemory" : 126507
  }, {
    "timestamp" : 1757327311120,
    "processCpuLoad" : 6.15404547515709,
    "systemCpuLoad" : 4.595020621450628,
    "availableProcessors" : 4,
    "usedMemory" : 2201,
    "totalMemory" : 4096,
    "maxMemory" : 4096,
    "heapUsed" : 2196,
    "heapCommitted" : 4096,
    "heapMax" : 4096,
    "nonHeapUsed" : 17,