{
  "implementation" : "JNI",
  "timestamp" : 1757330007474,
  "set_commands" : 9815,
  "get_commands" : 39985,
  "get_hits" : 31965,
  "get_misses" : 8020,
  "resources" : {
    "process_cpu_percent" : 1.2497257081953168,
    "system_cpu_percent" : 1.8338557993730409,
    "heap_used_mb" : 1012,
    "heap_max_mb" : 6144,
    "total_memory_mb" : 1023,
    "physical_memory_mb" : 9056
  },
  "set_latency" : {
    "count" : 9815,
    "mean" : 0.6472976350483943,
    "p50" : 0.428859,
    "p99" : 1.31400485
  },
  "get_hit_latency" : {
    "count" : 31966,
    "mean" : 0.6651038319464462,
    "p50" : 0.4429765,
    "p99" : 1.30426979
  },
  "get_miss_latency" : {
    "count" : 8021,
    "mean" : 0.489510759007603,
    "p50" : 0.275396,
    "p99" : 1.0747397200000002
  }
}