{
  "implementation" : "JNI",
  "timestamp" : 1757330608429,
  "set_commands" : 57250,
  "get_commands" : 230750,
  "get_hits" : 184671,
  "get_misses" : 46079,
  "resources" : {
    "process_cpu_percent" : 2.1858381139818266,
    "system_cpu_percent" : 2.7417480606764864,
    "heap_used_mb" : 276,
    "heap_max_mb" : 6144,
    "total_memory_mb" : 287,
    "physical_memory_mb" : 14056
  },
  "set_latency" : {
    "count" : 57250,
    "mean" : 0.6800625680873379,
    "p50" : 0.41588,
    "p99" : 1.9514616999999999
  },
  "get_hit_latency" : {
    "count" : 184671,
    "mean" : 0.7282357916294357,
    "p50" : 0.4331435,
    "p99" : 2.02418021
  },
  "get_miss_latency" : {
    "count" : 46080,
    "mean" : 0.5505765866319394,
    "p50" : 0.2654335,
    "p99" : 1.8176513399999998
  }
}