{
  "implementation" : "JNI",
  "durationSec" : 120.058656632,
  "finalMetrics" : {
    "setCommands" : 240608,
    "getCommands" : 959780,
    "getHits" : 767516,
    "getMisses" : 192264,
    "setErrors" : 0,
    "getErrors" : 0,
    "setLatencies" : {
      "count" : 240608,
      "min" : 0.090507,
      "max" : 8.416569,
      "mean" : 0.6592058793348516,
      "stdDev" : 0.6469295109360059,
      "p50" : 0.2872175,
      "p90" : 1.6859634000000003,
      "p95" : 1.8049712499999992,
      "p99" : 1.9561998200000001
    },
    "getHitLatencies" : {
      "count" : 767516,
      "min" : 0.08153,
      "max" : 8.368437,
      "mean" : 0.6515830317843523,
      "stdDev" : 0.6485307150195844,
      "p50" : 0.284122,
      "p90" : 1.6585036000000002,
      "p95" : 1.8306044499999998,
      "p99" : 1.9442655699999998
    },
    "getMissLatencies" : {
      "count" : 192264,
      "min" : 0.077137,
      "max" : 8.42527,
      "mean" : 0.6487509872311,
      "stdDev" : 0.6474123298073344,
      "p50" : 0.2705865,
      "p90" : 1.6613134,
      "p95" : 1.7958553,
      "p99" : 1.8936000499999999
    },
    "timestamp" : 1757326589042
  },
  "checkpoints" : [ {
    "setCommands" : 60205,
    "getCommands" : 239793,
    "getHits" : 191768,
    "getMisses" : 48025,
    "setErrors" : 0,
    "getErrors" : 0,
    "setLatencies" : {
      "count" : 60205,
      "min" : 0.093671,
      "max" : 8.091656,
      "mean" : 0.6620307588904579,
      "stdDev" : 0.649760363206407,
      "p50" : 0.28892850000000003,
      "p90" : 1.6849754,
      "p95" : 1.8061044,
      "p99" : 1.94372251
    },
    "getHitLatencies" : {
      "count" : 191787,
      "min" : 0.083745,
      "max" : 8.368437,
      "mean" : 0.6536587254193412,
      "stdDev" : 0.6512333622748102,
      "p50" : 0.2744105,
      "p90" : 1.6031549,
      "p95" : 1.78304885,
      "p99" : 1.9277187900000001
    },
    "getMissLatencies" : {
      "count" : 48028,
      "min" : 0.082819,
      "max" : 7.588849,
      "mean" : 0.6515513769467794,
      "stdDev" : 0.6510821314374505,
      "p50" : 0.292842,
      "p90" : 1.6384315,
      "p95" : 1.77770195,
      "p99" : 1.92444567
    },
    "timestamp" : 1757326499006
  }, {
    "setCommands" : 120219,
    "getCommands" : 479770,
    "getHits" : 383769,
    "getMisses" : 96001,
    "setErrors" : 0,
    "getErrors" : 0,
    "setLatencies" : {
      "count" : 120219,
      "min" : 0.090507,
      "max" : 8.091656,
      "mean" : 0.6617572833412343,
      "stdDev" : 0.649286297390536,
      "p50" : 0.285252,
      "p90" : 1.6737719000000002,
      "p95" : 1.7894179499999998,
      "p99" : 1.94217424
    },
    "getHitLatencies" : {
      "count" : 383769,
      "min" : 0.083745,
      "max" : 8.368437,
      "mean" : 0.6526190150142397,
      "stdDev" : 0.6502569263816971,
      "p50" : 0.2799885,
      "p90" : 1.6530748000000002,
      "p95" : 1.80779105,
      "p99" : 1.94235193
    },
    "getMissLatencies" : {
      "count" : 96001,
      "min" : 0.079373,
      "max" : 7.588849,
      "mean" : 0.6483120957281677,
      "stdDev" : 0.6479160875500032,
      "p50" : 0.27484949999999997,
      "p90" : 1.6734912,
      "p95" : 1.7887855499999998,
      "p99" : 1.93229178
    },
    "timestamp" : 1757326529002
  }, {
    "setCommands" : 180339,
    "getCommands" : 719645,
    "getHits" : 575300,
    "getMisses" : 144345,
    "setErrors" : 0,
    "getErrors" : 0,
    "setLatencies" : {
      "count" : 180339,
      "min" : 0.090507,
      "max" : 8.091656,
      "mean" : 0.6603936059643222,
      "stdDev" : 0.6482179655761169,
      "p50" : 0.2853365,
      "p90" : 1.6836515000000003,
      "p95" : 1.80207305,
      "p99" : 1.9421819
    },
    "getHitLatencies" : {
      "count" : 575302,
      "min" : 0.082762,
      "max" : 8.368437,
      "mean" : 0.6517634949278815,
      "stdDev" : 0.6488459032638338,
      "p50" : 0.28723299999999996,
      "p90" : 1.6688531000000002,
      "p95" : 1.80774405,
      "p99" : 1.94400721
    },
    "getMissLatencies" : {
      "count" : 144348,
      "min" : 0.079363,
      "max" : 7.588849,
      "mean" : 0.6486145566062601,
      "stdDev" : 0.6477071293931501,
      "p50" : 0.270041,
      "p90" : 1.6726406999999999,
      "p95" : 1.7951765,
      "p99" : 1.9149503
    },
    "timestamp" : 1757326559002
  }, {
    "setCommands" : 240529,
    "getCommands" : 959460,
    "getHits" : 767256,
    "getMisses" : 192204,
    "setErrors" : 0,
    "getErrors" : 0,
    "setLatencies" : {
      "count" : 240529,
      "min" : 0.090507,
      "max" : 8.416569,
      "mean" : 0.6592165784084248,
      "stdDev" : 0.6469407410922771,
      "p50" : 0.2872175,
      "p90" : 1.6859634000000003,
      "p95" : 1.8049712499999992,
      "p99" : 1.9561998200000001
    },
    "getHitLatencies" : {
      "count" : 767256,
      "min" : 0.08153,
      "max" : 8.368437,
      "mean" : 0.6515698244471193,
      "stdDev" : 0.6485378338985038,
      "p50" : 0.284122,
      "p90" : 1.6585036000000002,
      "p95" : 1.8306044499999998,
      "p99" : 1.9442655699999998
    },
    "getMissLatencies" : {
      "count" : 192206,
      "min" : 0.077137,
      "max" : 8.42527,
      "mean" : 0.6486959130880422,
      "stdDev" : 0.6473902759792286,
      "p50" : 0.2705865,
      "p90" : 1.6613134,
      "p95" : 1.7958553,
      "p99" : 1.8936000499999999
    },
    "timestamp" : 1757326589002
  }, {
    "setCommands" : 240608,
    "getCommands" : 959780,
    "getHits" : 767516,
    "getMisses" : 192264,
    "setErrors" : 0,
    "getErrors" : 0,
    "setLatencies" : {
      "count" : 240608,
      "min" : 0.090507,
      "max" : 8.416569,
      "mean" : 0.6592058793348516,
      "stdDev" : 0.6469295109360059,
      "p50" : 0.2872175,
      "p90" : 1.6859634000000003,
      "p95" : 1.8049712499999992,
      "p99" : 1.9561998200000001
    },
    "getHitLatencies" : {
      "count" : 767516,
      "min" : 0.08153,
      "max" : 8.368437,
      "mean" : 0.6515830317843523,
      "stdDev" : 0.6485307150195844,
      "p50" : 0.284122,
      "p90" : 1.6585036000000002,
      "p95" : 1.8306044499999998,
      "p99" : 1.9442655699999998
    },
    "getMissLatencies" : {
      "count" : 192264,
      "min" : 0.077137,
      "max" : 8.42527,
      "mean" : 0.6487509872311,
      "stdDev" : 0.6474123298073344,
      "p50" : 0.2705865,
      "p90" : 1.6613134,
      "p95" : 1.7958553,
      "p99" : 1.8936000499999999
    },
    "timestamp" : 1757326589042
  } ],
  "resourceCheckpoints" : [ {
    "timestamp" : 1757326499007,
    "processCpuLoad" : 5.427596041657664,
    "systemCpuLoad" : 3.6688922019835353,
    "availableProcessors" : 4,
    "usedMemory" : 138,
    "totalMemory" : 4096,
    "maxMemory" : 4096,
    "heapUsed" : 134,
    "heapCommitted" : 4096,
    "heapMax" : 4096,
    "nonHeapUsed" : 13,
    "usedPhysicalMemory" : 6527,
    "totalPhysicalMemory" : 126507
  }, {
    "timestamp" : 1757326529004,
    "processCpuLoad" : 5.3011319450445,
    "systemCpuLoad" : 3.6009763895189337,
    "availableProcessors" : 4,
    "usedMemory" : 742,
    "totalMemory" : 4096,
    "maxMemory" : 4096,
    "heapUsed" : 738,
    "heapCommitted" : 4096,
    "heapMax" : 4096,
    "nonHeapUsed" : 17,
    "usedPhysicalMemory" : 7054,
    "totalPhysicalMemory" : 126507
  }, {
    "timestamp" : 1757326559004,
    "processCpuLoad" : 5.239401334686737,
    "systemCpuLoad" : 3.3129602833509706,
    "availableProcessors" : 4,
    "usedMemory" : 1335,
    "totalMemory" : 4096,
    "maxMemory" : 4096,
    "heapUsed" : 1330,
    "heapCommitted" : 4096,
    "heapMax" : 4096,
    "nonHeapUsed" : 17,
    "usedPhysicalMemory" : 7641,
    "totalPhysicalMemory" : 126507
  }, {
    "timestamp" : 1757326589004,
    "processCpuLoad" : 5.212246836809604,
    "systemCpuLoad" : 3.441798199209725,
    "availableProcessors" : 4,
    "usedMemory" : 1929,
    "totalMemory" : 4096,
    "maxMemory" : 4096,
    "heapUsed" : 1924,
    "heapCommitted" : 4096,
    "heapMax" : 4096,
    "nonHeapUsed" : 17,