{
  "implementation" : "JNI",
  "durationSec" : 120.069265694,
  "finalMetrics" : {
    "setCommands" : 1666165,
    "getCommands" : 6671326,
    "getHits" : 5336614,
    "getMisses" : 1334712,
    "setErrors" : 0,
    "getErrors" : 0,
    "setLatencies" : {
      "count" : 1666165,
      "min" : 0.128894,
      "max" : 13.725123,
      "mean" : 1.4250436638436195,
      "stdDev" : 0.638041242438233,
      "p50" : 1.2319885,
      "p90" : 2.2949685,
      "p95" : 2.48297645,
      "p99" : 2.8777182399999996
    },
    "getHitLatencies" : {
      "count" : 5336614,
      "min" : 0.115837,
      "max" : 15.309062,
      "mean" : 1.4445105407702294,
      "stdDev" : 0.6556897016986083,
      "p50" : 1.2238205,
      "p90" : 2.3451057,
      "p95" : 2.52128615,
      "p99" : 2.8466370700000003
    },
    "getMissLatencies" : {
      "count" : 1334712,
      "min" : 0.114934,
      "max" : 12.042672,
      "mean" : 1.431802252780378,
      "stdDev" : 0.6644584001035866,
      "p50" : 1.205555,
      "p90" : 2.3159398,
      "p95" : 2.4976689000000003,
      "p99" : 2.9161451499999993
    },
    "timestamp" : 1757327792451
  },
  "checkpoints" : [ {
    "setCommands" : 409204,
    "getCommands" : 1634606,
    "getHits" : 1306726,
    "getMisses" : 327880,
    "setErrors" : 0,
    "getErrors" : 0,
    "setLatencies" : {
      "count" : 409206,
      "min" : 0.13324,
      "max" : 10.466717,
      "mean" : 1.4519465745834657,
      "stdDev" : 0.6511754158812026,
      "p50" : 1.2853005,
      "p90" : 2.3494842000000005,
      "p95" : 2.5252861999999996,
      "p99" : 2.8780200199999992
    },
    "getHitLatencies" : {
      "count" : 1306827,
      "min" : 0.126942,
      "max" : 10.03736,
      "mean" : 1.4719682081698617,
      "stdDev" : 0.6664407882090876,
      "p50" : 1.2975965,
      "p90" : 2.3797854000000003,
      "p95" : 2.5435738499999996,
      "p99" : 3.0000795299999994
    },
    "getMissLatencies" : {
      "count" : 327920,
      "min" : 0.114934,
      "max" : 9.821307,
      "mean" : 1.4580173844260753,
      "stdDev" : 0.6771527625101015,
      "p50" : 1.2287915,
      "p90" : 2.335903,
      "p95" : 2.5320224,
      "p99" : 3.08690394
    },
    "timestamp" : 1757327702407
  }, {
    "setCommands" : 829022,
    "getCommands" : 3320438,
    "getHits" : 2655379,
    "getMisses" : 665059,
    "setErrors" : 0,
    "getErrors" : 0,
    "setLatencies" : {
      "count" : 829022,
      "min" : 0.13324,
      "max" : 13.725123,
      "mean" : 1.4306888867653875,
      "stdDev" : 0.6453437589129314,
      "p50" : 1.2784735,
      "p90" : 2.3314713,
      "p95" : 2.5224409000000003,
      "p99" : 2.9516557799999994
    },
    "getHitLatencies" : {
      "count" : 2655397,
      "min" : 0.126942,
      "max" : 13.738861,
      "mean" : 1.4504764856757988,
      "stdDev" : 0.6624290531680807,
      "p50" : 1.2952270000000001,
      "p90" : 2.3567183999999997,
      "p95" : 2.5283628499999993,
      "p99" : 2.83631287
    },
    "getMissLatencies" : {
      "count" : 665065,
      "min" : 0.114934,
      "max" : 12.042672,
      "mean" : 1.436630857622943,
      "stdDev" : 0.6702107771878815,
      "p50" : 1.2067985,
      "p90" : 2.3000364,
      "p95" : 2.51045485,
      "p99" : 2.93957971
    },
    "timestamp" : 1757327732399
  }, {
    "setCommands" : 1251889,
    "getCommands" : 5008767,
    "getHits" : 4006503,
    "getMisses" : 1002264,
    "setErrors" : 0,
    "getErrors" : 0,
    "setLatencies" : {
      "count" : 1251889,
      "min" : 0.13324,
      "max" : 13.725123,
      "mean" : 1.4223642612012957,
      "stdDev" : 0.6387712727573753,
      "p50" : 1.2515049999999999,
      "p90" : 2.3098567,
      "p95" : 2.522822149999999,
      "p99" : 3.0150839899999995
    },
    "getHitLatencies" : {
      "count" : 4006515,
      "min" : 0.126942,
      "max" : 15.309062,
      "mean" : 1.4421185400903396,
      "stdDev" : 0.6563746017514188,
      "p50" : 1.2243870000000001,
      "p90" : 2.3334537,
      "p95" : 2.4818172499999998,
      "p99" : 2.7869204899999995
    },
    "getMissLatencies" : {
      "count" : 1002265,
      "min" : 0.114934,
      "max" : 12.042672,
      "mean" : 1.429326806497293,
      "stdDev" : 0.6649427832917992,
      "p50" : 1.2095715,
      "p90" : 2.2980005,
      "p95" : 2.4764975499999995,
      "p99" : 2.9055407399999997
    },
    "timestamp" : 1757327762399
  }, {
    "setCommands" : 1665526,
    "getCommands" : 6668672,
    "getHits" : 5334483,
    "getMisses" : 1334189,
    "setErrors" : 0,
    "getErrors" : 0,
    "setLatencies" : {
      "count" : 1665526,
      "min" : 0.128894,
      "max" : 13.725123,
      "mean" : 1.4250203585521963,
      "stdDev" : 0.6380119643361007,
      "p50" : 1.2319885,
      "p90" : 2.2949685,
      "p95" : 2.48297645,
      "p99" : 2.8777182399999996
    },
    "getHitLatencies" : {
      "count" : 5334499,
      "min" : 0.115837,
      "max" : 15.309062,
      "mean" : 1.4444850582720097,
      "stdDev" : 0.6556516948746811,
      "p50" : 1.2238205,
      "p90" : 2.3451057,
      "p95" : 2.52128615,
      "p99" : 2.8466370700000003
    },
    "getMissLatencies" : {
      "count" : 1334193,
      "min" : 0.114934,
      "max" : 12.042672,
      "mean" : 1.4317854235893932,
      "stdDev" : 0.6644202578462681,
      "p50" : 1.205555,
      "p90" : 2.3159398,
      "p95" : 2.4976689000000003,
      "p99" : 2.9161451499999993
    },
    "timestamp" : 1757327792399
  }, {
    "setCommands" : 1666165,
    "getCommands" : 6671326,
    "getHits" : 5336614,
    "getMisses" : 1334712,
    "setErrors" : 0,
    "getErrors" : 0,
    "setLatencies" : {
      "count" : 1666165,
      "min" : 0.128894,
      "max" : 13.725123,
      "mean" : 1.4250436638436195,
      "stdDev" : 0.638041242438233,
      "p50" : 1.2319885,
      "p90" : 2.2949685,
      "p95" : 2.48297645,
      "p99" : 2.8777182399999996
    },
    "getHitLatencies" : {
      "count" : 5336614,
      "min" : 0.115837,
      "max" : 15.309062,
      "mean" : 1.4445105407702294,
      "stdDev" : 0.6556897016986083,
      "p50" : 1.2238205,
      "p90" : 2.3451057,
      "p95" : 2.52128615,
      "p99" : 2.8466370700000003
    },
    "getMissLatencies" : {
      "count" : 1334712,
      "min" : 0.114934,
      "max" : 12.042672,
      "mean" : 1.431802252780378,
      "stdDev" : 0.6644584001035866,
      "p50" : 1.205555,
      "p90" : 2.3159398,
      "p95" : 2.4976689000000003,
      "p99" : 2.9161451499999993
    },
    "timestamp" : 1757327792451
  } ],
  "resourceCheckpoints" : [ {
    "timestamp" : 1757327702410,
    "processCpuLoad" : 20.07837322601144,
    "systemCpuLoad" : 20.514721457318366,
    "availableProcessors" : 4,
    "usedMemory" : 1491,
    "totalMemory" : 4096,
    "maxMemory" : 4096,
    "heapUsed" : 1486,
    "heapCommitted" : 4096,
    "heapMax" : 4096,
    "nonHeapUsed" : 13,
    "usedPhysicalMemory" : 8816,
    "totalPhysicalMemory" : 126507
  }, {
    "timestamp" : 1757327732400,
    "processCpuLoad" : 20.243576414673992,
    "systemCpuLoad" : 20.831299993634765,
    "availableProcessors" : 4,
    "usedMemory" : 1248,
    "totalMemory" : 4096,
    "maxMemory" : 4096,
    "heapUsed" : 1246,
    "heapCommitted" : 4096,
    "heapMax" : 4096,
    "nonHeapUsed" : 18,
    "usedPhysicalMemory" : 8823,
    "totalPhysicalMemory" : 126507
  }, {
    "timestamp" : 1757327762400,
    "processCpuLoad" : 20.235294117647058,
    "systemCpuLoad" : 20.688485670680006,
    "availableProcessors" : 4,
    "usedMemory" : 1049,
    "totalMemory" : 4096,
    "maxMemory" : 4096,
    "heapUsed" : 1044,
    "heapCommitted" : 4096,
    "heapMax" : 4096,
    "nonHeapUsed" : 18,
    "usedPhysicalMemory" : 8856,
    "totalPhysicalMemory" : 126507
  }, {
    "timestamp" : 1757327792400,
    "processCpuLoad" : 19.689810793058882,
    "systemCpuLoad" : 20.300449190609374,
    "availableProcessors" : 4,
    "usedMemory" : 527,
    "totalMemory" : 4096,
    "maxMemory" : 4096,
    "heapUsed" : 524,
    "heapCommitted" : 4096,