{
  "implementation" : "JNI",
  "durationSec" : 120.06820658,
  "finalMetrics" : {
    "setCommands" : 960686,
    "getCommands" : 3841152,
    "getHits" : 3072895,
    "getMisses" : 768257,
    "setErrors" : 0,
    "getErrors" : 0,
    "setLatencies" : {
      "count" : 960686,
      "min" : 0.101693,
      "max" : 15.689911,
      "mean" : 0.8939383860782769,
      "stdDev" : 0.6926139404204456,
      "p50" : 0.611652,
      "p90" : 1.8195602,
      "p95" : 2.0199247,
      "p99" : 2.3762111
    },
    "getHitLatencies" : {
      "count" : 3072895,
      "min" : 0.102303,
      "max" : 18.129603,
      "mean" : 0.9345384531703913,
      "stdDev" : 0.724810707806919,
      "p50" : 0.6082544999999999,
      "p90" : 1.9176967,
      "p95" : 2.09364625,
      "p99" : 2.7568464799999997
    },
    "getMissLatencies" : {
      "count" : 768257,
      "min" : 0.077181,
      "max" : 13.483068,
      "mean" : 0.9054769019872256,
      "stdDev" : 0.7290229884392195,
      "p50" : 0.5645325,
      "p90" : 1.9387195,
      "p95" : 2.093439949999999,
      "p99" : 2.6781864899999994
    },
    "timestamp" : 1757327551819
  },
  "checkpoints" : [ {
    "setCommands" : 239407,
    "getCommands" : 960625,
    "getHits" : 768875,
    "getMisses" : 191750,
    "setErrors" : 0,
    "getErrors" : 0,
    "setLatencies" : {
      "count" : 239408,
      "min" : 0.101693,
      "max" : 8.595199,
      "mean" : 0.9217712495029357,
      "stdDev" : 0.7147775386333668,
      "p50" : 0.6036265000000001,
      "p90" : 1.8927854,
      "p95" : 2.0947053999999996,
      "p99" : 2.87700206
    },
    "getHitLatencies" : {
      "count" : 768976,
      "min" : 0.102303,
      "max" : 9.574418,
      "mean" : 0.9601688750884303,
      "stdDev" : 0.7438219582454131,
      "p50" : 0.603777,
      "p90" : 1.9870464,
      "p95" : 2.158396049999999,
      "p99" : 2.7873889699999994
    },
    "getMissLatencies" : {
      "count" : 191794,
      "min" : 0.079753,
      "max" : 8.750095,
      "mean" : 0.9308151344254801,
      "stdDev" : 0.7514188171877186,
      "p50" : 0.598436,
      "p90" : 1.9969502000000001,
      "p95" : 2.2055469999999997,
      "p99" : 3.3886518199999993
    },
    "timestamp" : 1757327461780
  }, {
    "setCommands" : 479672,
    "getCommands" : 1920284,
    "getHits" : 1536818,
    "getMisses" : 383466,
    "setErrors" : 0,
    "getErrors" : 0,
    "setLatencies" : {
      "count" : 479672,
      "min" : 0.101693,
      "max" : 11.039593,
      "mean" : 0.9060544223240005,
      "stdDev" : 0.6996653959510936,
      "p50" : 0.612436,
      "p90" : 1.8575051,
      "p95" : 2.04909755,
      "p99" : 2.5552667799999997
    },
    "getHitLatencies" : {
      "count" : 1536830,
      "min" : 0.102303,
      "max" : 12.329253,
      "mean" : 0.9454385808020627,
      "stdDev" : 0.7311084508822615,
      "p50" : 0.5975204999999999,
      "p90" : 1.954444,
      "p95" : 2.1475339,
      "p99" : 2.7568464799999997
    },
    "getMissLatencies" : {
      "count" : 383468,
      "min" : 0.079753,
      "max" : 9.206911,
      "mean" : 0.9164242178695379,
      "stdDev" : 0.7363181659312457,
      "p50" : 0.5564545000000001,
      "p90" : 1.9387195,
      "p95" : 2.1423665499999993,
      "p99" : 2.7682157599999995
    },
    "timestamp" : 1757327491769
  }, {
    "setCommands" : 720068,
    "getCommands" : 2879881,
    "getHits" : 2304415,
    "getMisses" : 575466,
    "setErrors" : 0,
    "getErrors" : 0,
    "setLatencies" : {
      "count" : 720068,
      "min" : 0.101693,
      "max" : 15.689911,
      "mean" : 0.8975380587361133,
      "stdDev" : 0.700630283154661,
      "p50" : 0.6369565,
      "p90" : 1.8403277,
      "p95" : 2.0241699499999997,
      "p99" : 2.40581
    },
    "getHitLatencies" : {
      "count" : 2304510,
      "min" : 0.102303,
      "max" : 18.129603,
      "mean" : 0.9378232235390648,
      "stdDev" : 0.7318642673751107,
      "p50" : 0.6154655,
      "p90" : 1.9681211,
      "p95" : 2.1398103000000006,
      "p99" : 2.826717709999998
    },
    "getMissLatencies" : {
      "count" : 575481,
      "min" : 0.078082,
      "max" : 13.483068,
      "mean" : 0.9090106834248157,
      "stdDev" : 0.7362189611651562,
      "p50" : 0.55557,
      "p90" : 1.9217788000000002,
      "p95" : 2.0782365,
      "p99" : 2.6781864899999994
    },
    "timestamp" : 1757327521773
  }, {
    "setCommands" : 960287,
    "getCommands" : 3839667,
    "getHits" : 3071706,
    "getMisses" : 767961,
    "setErrors" : 0,
    "getErrors" : 0,
    "setLatencies" : {
      "count" : 960287,
      "min" : 0.101693,
      "max" : 15.689911,
      "mean" : 0.8939193256505563,
      "stdDev" : 0.6926089951729044,
      "p50" : 0.611652,
      "p90" : 1.8195602,
      "p95" : 2.0199247,
      "p99" : 2.3762111
    },
    "getHitLatencies" : {
      "count" : 3071726,
      "min" : 0.102303,
      "max" : 18.129603,
      "mean" : 0.9345206817873828,
      "stdDev" : 0.7248072483277193,
      "p50" : 0.6082544999999999,
      "p90" : 1.9219376000000001,
      "p95" : 2.09364625,
      "p99" : 2.7568464799999997
    },
    "getMissLatencies" : {
      "count" : 767965,
      "min" : 0.077181,
      "max" : 13.483068,
      "mean" : 0.9054559354775282,
      "stdDev" : 0.7290387148584034,
      "p50" : 0.5645325,
      "p90" : 1.9387195,
      "p95" : 2.093439949999999,
      "p99" : 2.6781864899999994
    },
    "timestamp" : 1757327551769
  }, {
    "setCommands" : 960686,
    "getCommands" : 3841152,
    "getHits" : 3072895,
    "getMisses" : 768257,
    "setErrors" : 0,
    "getErrors" : 0,
    "setLatencies" : {
      "count" : 960686,
      "min" : 0.101693,
      "max" : 15.689911,
      "mean" : 0.8939383860782769,
      "stdDev" : 0.6926139404204456,
      "p50" : 0.611652,
      "p90" : 1.8195602,
      "p95" : 2.0199247,
      "p99" : 2.3762111
    },
    "getHitLatencies" : {
      "count" : 3072895,
      "min" : 0.102303,
      "max" : 18.129603,
      "mean" : 0.9345384531703913,
      "stdDev" : 0.724810707806919,
      "p50" : 0.6082544999999999,
      "p90" : 1.9176967,
      "p95" : 2.09364625,
      "p99" : 2.7568464799999997
    },
    "getMissLatencies" : {
      "count" : 768257,
      "min" : 0.077181,
      "max" : 13.483068,
      "mean" : 0.9054769019872256,
      "stdDev" : 0.7290229884392195,
      "p50" : 0.5645325,
      "p90" : 1.9387195,
      "p95" : 2.093439949999999,
      "p99" : 2.6781864899999994
    },
    "timestamp" : 1757327551819
  } ],
  "resourceCheckpoints" : [ {
    "timestamp" : 1757327461784,
    "processCpuLoad" : 17.51124178484953,
    "systemCpuLoad" : 16.45840539605673,
    "availableProcessors" : 4,
    "usedMemory" : 2017,
    "totalMemory" : 4096,
    "maxMemory" : 4096,
    "heapUsed" : 2012,
    "heapCommitted" : 4096,
    "heapMax" : 4096,
    "nonHeapUsed" : 13,
    "usedPhysicalMemory" : 8828,
    "totalPhysicalMemory" : 126507
  }, {
    "timestamp" : 1757327491771,
    "processCpuLoad" : 17.166200723836766,
    "systemCpuLoad" : 16.221663560313814,
    "availableProcessors" : 4,
    "usedMemory" : 1920,
    "totalMemory" : 4096,
    "maxMemory" : 4096,
    "heapUsed" : 1916,
    "heapCommitted" : 4096,
    "heapMax" : 4096,
    "nonHeapUsed" : 17,
    "usedPhysicalMemory" : 8855,
    "totalPhysicalMemory" : 126507
  }, {
    "timestamp" : 1757327521774,
    "processCpuLoad" : 17.111824133894117,
    "systemCpuLoad" : 15.91874783211932,
    "availableProcessors" : 4,
    "usedMemory" : 1777,
    "totalMemory" : 4096,
    "maxMemory" : 4096,
    "heapUsed" : 1774,
    "heapCommitted" : 4096,
    "heapMax" : 4096,
    "nonHeapUsed" : 17,
    "usedPhysicalMemory" : 8860,
    "totalPhysicalMemory" : 126507
  }, {
    "timestamp" : 1757327551771,
    "processCpuLoad" : 17.04840665050225,
    "systemCpuLoad" : 16.17847632655712,
    "availableProcessors" : 4,
    "usedMemory" : 1620,
    "totalMemory" : 4096,
    "maxMemory" : 4096,
    "heapUsed" : 1616,
    "heapCommitted" : 4096,
    "heapMax" : 4096,