{
  "implementation" : "JNI",
  "timestamp" : 1757331149741,
  "set_commands" : 479663,
  "get_commands" : 1920327,
  "get_hits" : 1536385,
  "get_misses" : 383942,
  "resources" : {
    "process_cpu_percent" : 10.758665115119275,
    "system_cpu_percent" : 13.517023553491464,
    "heap_used_mb" : 2036,
    "heap_max_mb" : 6144,
    "total_memory_mb" : 2054,
    "physical_memory_mb" : 47287
  },
  "set_latency" : {
    "count" : 479663,
    "mean" : 0.8281464890370833,
    "p50" : 0.4815655,
    "p99" : 2.2355380899999995
  },
  "get_hit_latency" : {
    "count" : 1536393,
    "mean" : 0.9170005173865102,
    "p50" : 0.5435995,
    "p99" : 2.6623639999999993
  },
  "get_miss_latency" : {
    "count" : 383943,
    "mean" : 0.7513201179003147,
    "p50" : 0.39417800000000003,
    "p99" : 2.5327443199999995
  }
}