{
  "implementation" : "JNI",
  "durationSec" : 300.144533408,
  "finalMetrics" : {
    "setCommands" : 9488,
    "getCommands" : 38533,
    "getHits" : 30726,
    "getMisses" : 7807,
    "setErrors" : 0,
    "getErrors" : 0,
    "setLatencies" : {
      "count" : 9488,
      "min" : 0.212571,
      "max" : 8.451898,
      "mean" : 0.6825518316821251,
      "stdDev" : 0.44139394491598016,
      "p50" : 0.4627985,
      "p90" : 1.2500742,
      "p95" : 1.2710185,
      "p99" : 1.3643952599999998
    },
    "getHitLatencies" : {
      "count" : 30726,
      "min" : 0.257248,
      "max" : 8.40735,
      "mean" : 0.6977702400898221,
      "stdDev" : 0.42960061336626115,
      "p50" : 0.4725375,
      "p90" : 1.2645204,
      "p95" : 1.29104025,
      "p99" : 1.35850468
    },
    "getMissLatencies" : {
      "count" : 7807,
      "min" : 0.108647,
      "max" : 6.396292,
      "mean" : 0.5146945451517859,
      "stdDev" : 0.4274253341457567,
      "p50" : 0.3051045,
      "p90" : 1.0786619000000002,
      "p95" : 1.0943184500000003,
      "p99" : 1.13860247
    },
    "timestamp" : 1757329767041
  },
  "checkpoints" : [ {
    "setCommands" : 1953,
    "getCommands" : 7647,
    "getHits" : 6101,
    "getMisses" : 1546,
    "setErrors" : 0,
    "getErrors" : 0,
    "setLatencies" : {
      "count" : 1953,
      "min" : 0.223935,
      "max" : 3.304217,
      "mean" : 0.682441675883256,
      "stdDev" : 0.40463923162890625,
      "p50" : 0.47619049999999996,
      "p90" : 1.2476965,
      "p95" : 1.27945,
      "p99" : 1.3332210299999998
    },
    "getHitLatencies" : {
      "count" : 6101,
      "min" : 0.261345,
      "max" : 5.61426,
      "mean" : 0.6978229324700886,
      "stdDev" : 0.42197910631513197,
      "p50" : 0.4644735,
      "p90" : 1.2666141,
      "p95" : 1.29578025,
      "p99" : 1.38681214
    },
    "getMissLatencies" : {
      "count" : 1547,
      "min" : 0.109573,
      "max" : 4.961624,
      "mean" : 0.5291805074337423,
      "stdDev" : 0.43277228214002733,
      "p50" : 0.3008925,
      "p90" : 1.0759174,
      "p95" : 1.0929661000000002,
      "p99" : 1.1612079699999995
    },
    "timestamp" : 1757329526918
  }, {
    "setCommands" : 3884,
    "getCommands" : 15316,
    "getHits" : 12190,
    "getMisses" : 3126,
    "setErrors" : 0,
    "getErrors" : 0,
    "setLatencies" : {
      "count" : 3884,
      "min" : 0.212571,
      "max" : 8.12822,
      "mean" : 0.6796870875386197,
      "stdDev" : 0.42828211328908206,
      "p50" : 0.47382199999999997,
      "p90" : 1.24818,
      "p95" : 1.2726062,
      "p99" : 1.32986636
    },
    "getHitLatencies" : {
      "count" : 12190,
      "min" : 0.261345,
      "max" : 5.61426,
      "mean" : 0.694656542001639,
      "stdDev" : 0.415702904306415,
      "p50" : 0.46539050000000004,
      "p90" : 1.2608545000000002,
      "p95" : 1.2875159999999999,
      "p99" : 1.3402844099999998
    },
    "getMissLatencies" : {
      "count" : 3127,
      "min" : 0.109573,
      "max" : 4.961624,
      "mean" : 0.5150348973456976,
      "stdDev" : 0.4211145104982583,
      "p50" : 0.3002685,
      "p90" : 1.0784702,
      "p95" : 1.0943184500000003,
      "p99" : 1.1584198700000001
    },
    "timestamp" : 1757329586914
  }, {
    "setCommands" : 5750,
    "getCommands" : 23050,
    "getHits" : 18372,
    "getMisses" : 4678,
    "setErrors" : 0,
    "getErrors" : 0,
    "setLatencies" : {
      "count" : 5750,
      "min" : 0.212571,
      "max" : 8.12822,
      "mean" : 0.6823175373913045,
      "stdDev" : 0.42965566694926777,
      "p50" : 0.473133,
      "p90" : 1.2526058999999998,
      "p95" : 1.276922,
      "p99" : 1.3491394300000001
    },
    "getHitLatencies" : {
      "count" : 18372,
      "min" : 0.257248,
      "max" : 8.40735,
      "mean" : 0.6990535752775923,
      "stdDev" : 0.4220676080325855,
      "p50" : 0.4720085,
      "p90" : 1.2642301999999999,
      "p95" : 1.2890231,
      "p99" : 1.340768
    },
    "getMissLatencies" : {
      "count" : 4678,
      "min" : 0.109324,
      "max" : 6.029866,
      "mean" : 0.5152313539974347,
      "stdDev" : 0.42420573207522205,
      "p50" : 0.306202,
      "p90" : 1.0823556,
      "p95" : 1.09683245,
      "p99" : 1.1504756999999999
    },
    "timestamp" : 1757329646914
  }, {
    "setCommands" : 7627,
    "getCommands" : 30773,
    "getHits" : 24526,
    "getMisses" : 6247,
    "setErrors" : 0,
    "getErrors" : 0,
    "setLatencies" : {
      "count" : 7627,
      "min" : 0.212571,
      "max" : 8.451898,
      "mean" : 0.6846205169791516,
      "stdDev" : 0.44986789708718966,
      "p50" : 0.474226,
      "p90" : 1.2561721000000001,
      "p95" : 1.2765128999999997,
      "p99" : 1.3643952599999998
    },
    "getHitLatencies" : {
      "count" : 24526,
      "min" : 0.257248,
      "max" : 8.40735,
      "mean" : 0.7010721718584355,
      "stdDev" : 0.4331536723964658,
      "p50" : 0.471245,
      "p90" : 1.2626542,
      "p95" : 1.2870762,
      "p99" : 1.340768
    },
    "getMissLatencies" : {
      "count" : 6247,
      "min" : 0.108647,
      "max" : 6.029866,
      "mean" : 0.5117439465343356,
      "stdDev" : 0.42399988073844536,
      "p50" : 0.306604,
      "p90" : 1.0823556,
      "p95" : 1.0955715,
      "p99" : 1.14542853
    },
    "timestamp" : 1757329706914
  }, {
    "setCommands" : 9482,
    "getCommands" : 38518,
    "getHits" : 30712,
    "getMisses" : 7806,
    "setErrors" : 0,
    "getErrors" : 0,
    "setLatencies" : {
      "count" : 9482,
      "min" : 0.212571,
      "max" : 8.451898,
      "mean" : 0.6825995536806584,
      "stdDev" : 0.44144423796115606,
      "p50" : 0.4627985,
      "p90" : 1.2500742,
      "p95" : 1.2710185,
      "p99" : 1.3643952599999998
    },
    "getHitLatencies" : {
      "count" : 30712,
      "min" : 0.257248,
      "max" : 8.40735,
      "mean" : 0.69776185035165,
      "stdDev" : 0.4296003941387653,
      "p50" : 0.4725375,
      "p90" : 1.2645204,
      "p95" : 1.29104025,
      "p99" : 1.35850468
    },
    "getMissLatencies" : {
      "count" : 7807,
      "min" : 0.108647,
      "max" : 6.396292,
      "mean" : 0.5146945451517859,
      "stdDev" : 0.4274253341457567,
      "p50" : 0.3051045,
      "p90" : 1.0786619000000002,
      "p95" : 1.0943184500000003,
      "p99" : 1.13860247
    },
    "timestamp" : 1757329766914
  }, {
    "setCommands" : 9488,
    "getCommands" : 38533,
    "getHits" : 30726,
    "getMisses" : 7807,
    "setErrors" : 0,
    "getErrors" : 0,
    "setLatencies" : {
      "count" : 9488,
      "min" : 0.212571,
      "max" : 8.451898,
      "mean" : 0.6825518316821251,
      "stdDev" : 0.44139394491598016,
      "p50" : 0.4627985,
      "p90" : 1.2500742,
      "p95" : 1.2710185,
      "p99" : 1.3643952599999998
    },
    "getHitLatencies" : {
      "count" : 30726,
      "min" : 0.257248,
      "max" : 8.40735,
      "mean" : 0.6977702400898221,
      "stdDev" : 0.42960061336626115,
      "p50" : 0.4725375,
      "p90" : 1.2645204,
      "p95" : 1.29104025,
      "p99" : 1.35850468
    },
    "getMissLatencies" : {
      "count" : 7807,
      "min" : 0.108647,
      "max" : 6.396292,
      "mean" : 0.5146945451517859,
      "stdDev" : 0.4274253341457567,
      "p50" : 0.3051045,
      "p90" : 1.0786619000000002,
      "p95" : 1.0943184500000003,
      "p99" : 1.13860247
    },
    "timestamp" : 1757329767041
  } ],
  "resourceCheckpoints" : [ {
    "timestamp" : 1757329526919,
    "processCpuLoad" : 0.28795292595645233,
    "systemCpuLoad" : 0.8388193930035784,
    "availableProcessors" : 4,
    "usedMemory" : 508,
    "totalMemory" : 6144,
    "maxMemory" : 6144,
    "heapUsed" : 499,
    "heapCommitted" : 6144,
    "heapMax" : 6144,
    "nonHeapUsed" : 13,
    "usedPhysicalMemory" : 8469,
    "totalPhysicalMemory" : 126507
  }, {
    "timestamp" : 1757329586916,
    "processCpuLoad" : 0.2650361033432113,
    "systemCpuLoad" : 0.8566718143495137,
    "availableProcessors" : 4,
    "usedMemory" : 920,
    "totalMemory" : 6144,