{
  "implementation" : "JNI",
  "durationSec" : 300.025324792,
  "finalMetrics" : {
    "setCommands" : 599752,
    "getCommands" : 2400298,
    "getHits" : 1920534,
    "getMisses" : 479764,
    "setErrors" : 0,
    "getErrors" : 0,
    "setLatencies" : {
      "count" : 599752,
      "min" : 0.168673,
      "max" : 13.362267,
      "mean" : 0.8288915908758959,
      "stdDev" : 0.6692285884692584,
      "p50" : 0.4815655,
      "p90" : 1.7993423000000002,
      "p95" : 1.96653255,
      "p99" : 2.2688306099999997
    },
    "getHitLatencies" : {
      "count" : 1920534,
      "min" : 0.217274,
      "max" : 16.142751,
      "mean" : 0.9181175038353855,
      "stdDev" : 0.7200840308306039,
      "p50" : 0.541645,
      "p90" : 2.0183089,
      "p95" : 2.1580391,
      "p99" : 2.65240956
    },
    "getMissLatencies" : {
      "count" : 479764,
      "min" : 0.073325,
      "max" : 13.26388,
      "mean" : 0.7532946138726544,
      "stdDev" : 0.7151741969820554,
      "p50" : 0.3822735,
      "p90" : 1.8366654,
      "p95" : 1.9625618,
      "p99" : 2.602110939999998
    },
    "timestamp" : 1757331209747
  },
  "checkpoints" : [ {
    "setCommands" : 120153,
    "getCommands" : 479837,
    "getHits" : 383831,
    "getMisses" : 96006,
    "setErrors" : 0,
    "getErrors" : 0,
    "setLatencies" : {
      "count" : 120155,
      "min" : 0.172164,
      "max" : 9.635669,
      "mean" : 0.8259918728225999,
      "stdDev" : 0.6515799225289196,
      "p50" : 0.46729699999999996,
      "p90" : 1.7560772999999998,
      "p95" : 1.9362704499999999,
      "p99" : 2.22518305
    },
    "getHitLatencies" : {
      "count" : 383847,
      "min" : 0.218188,
      "max" : 13.111128,
      "mean" : 0.9122335501957847,
      "stdDev" : 0.704650263314129,
      "p50" : 0.5608835,
      "p90" : 1.9524448,
      "p95" : 2.0959253999999996,
      "p99" : 2.3421619099999993
    },
    "getMissLatencies" : {
      "count" : 96006,
      "min" : 0.077209,
      "max" : 9.53005,
      "mean" : 0.7459823478949196,
      "stdDev" : 0.6982823412669112,
      "p50" : 0.38638550000000005,
      "p90" : 1.8346973000000002,
      "p95" : 2.02186385,
      "p99" : 2.5944316599999997
    },
    "timestamp" : 1757330969745
  }, {
    "setCommands" : 240193,
    "getCommands" : 959799,
    "getHits" : 767833,
    "getMisses" : 191966,
    "setErrors" : 0,
    "getErrors" : 0,
    "setLatencies" : {
      "count" : 240193,
      "min" : 0.172164,
      "max" : 13.153721,
      "mean" : 0.8436577752224265,
      "stdDev" : 0.6798349022747996,
      "p50" : 0.475673,
      "p90" : 1.7953482,
      "p95" : 1.9613627999999996,
      "p99" : 2.31592262
    },
    "getHitLatencies" : {
      "count" : 767835,
      "min" : 0.217274,
      "max" : 13.257259,
      "mean" : 0.9307006652679135,
      "stdDev" : 0.7300321844204798,
      "p50" : 0.5433395,
      "p90" : 1.9630326,
      "p95" : 2.1308385999999997,
      "p99" : 2.448663989999999
    },
    "getMissLatencies" : {
      "count" : 191966,
      "min" : 0.075149,
      "max" : 11.714632,
      "mean" : 0.766070330204306,
      "stdDev" : 0.7274645372235258,
      "p50" : 0.380494,
      "p90" : 1.8293889,
      "p95" : 1.99278235,
      "p99" : 2.6106197399999997
    },
    "timestamp" : 1757331029741
  }, {
    "setCommands" : 360142,
    "getCommands" : 1439846,
    "getHits" : 1152338,
    "getMisses" : 287508,
    "setErrors" : 0,
    "getErrors" : 0,
    "setLatencies" : {
      "count" : 360142,
      "min" : 0.171077,
      "max" : 13.153721,
      "mean" : 0.8336727116248573,
      "stdDev" : 0.6660214088015959,
      "p50" : 0.497107,
      "p90" : 1.7996729,
      "p95" : 1.9610664500000001,
      "p99" : 2.3159740999999996
    },
    "getHitLatencies" : {
      "count" : 1152341,
      "min" : 0.217274,
      "max" : 13.257259,
      "mean" : 0.9217929237465289,
      "stdDev" : 0.718357294380032,
      "p50" : 0.546011,
      "p90" : 1.9764264000000002,
      "p95" : 2.1444543,
      "p99" : 2.65240956
    },
    "getMissLatencies" : {
      "count" : 287510,
      "min" : 0.075149,
      "max" : 11.714632,
      "mean" : 0.7564483476713838,
      "stdDev" : 0.714717184231613,
      "p50" : 0.394941,
      "p90" : 1.8200787,
      "p95" : 1.9712596499999995,
      "p99" : 2.792722359999999
    },
    "timestamp" : 1757331089741
  }, {
    "setCommands" : 479663,
    "getCommands" : 1920327,
    "getHits" : 1536385,
    "getMisses" : 383942,
    "setErrors" : 0,
    "getErrors" : 0,
    "setLatencies" : {
      "count" : 479663,
      "min" : 0.168673,
      "max" : 13.362267,
      "mean" : 0.8281464890370833,
      "stdDev" : 0.6622086806477455,
      "p50" : 0.4815655,
      "p90" : 1.7710763999999999,
      "p95" : 1.9611834499999998,
      "p99" : 2.2355380899999995
    },
    "getHitLatencies" : {
      "count" : 1536393,
      "min" : 0.217274,
      "max" : 16.142751,
      "mean" : 0.9170005173865102,
      "stdDev" : 0.7133313787942235,
      "p50" : 0.5435995,
      "p90" : 2.0042212,
      "p95" : 2.1371702,
      "p99" : 2.6623639999999993
    },
    "getMissLatencies" : {
      "count" : 383943,
      "min" : 0.073325,
      "max" : 13.26388,
      "mean" : 0.7513201179003147,
      "stdDev" : 0.7087373098980699,
      "p50" : 0.39417800000000003,
      "p90" : 1.7894812000000002,
      "p95" : 1.9538323999999998,
      "p99" : 2.5327443199999995
    },
    "timestamp" : 1757331149741
  }, {
    "setCommands" : 599737,
    "getCommands" : 2400253,
    "getHits" : 1920494,
    "getMisses" : 479759,
    "setErrors" : 0,
    "getErrors" : 0,
    "setLatencies" : {
      "count" : 599737,
      "min" : 0.168673,
      "max" : 13.362267,
      "mean" : 0.8288804021929617,
      "stdDev" : 0.6692264025062923,
      "p50" : 0.4815655,
      "p90" : 1.7993423000000002,
      "p95" : 1.96653255,
      "p99" : 2.2688306099999997
    },
    "getHitLatencies" : {
      "count" : 1920498,
      "min" : 0.217274,
      "max" : 16.142751,
      "mean" : 0.9181143227751283,
      "stdDev" : 0.7200862655120782,
      "p50" : 0.541645,
      "p90" : 2.0183089,
      "p95" : 2.1580391,
      "p99" : 2.65240956
    },
    "getMissLatencies" : {
      "count" : 479760,
      "min" : 0.073325,
      "max" : 13.26388,
      "mean" : 0.7532873554631485,
      "stdDev" : 0.7151678020448446,
      "p50" : 0.3822735,
      "p90" : 1.8366654,
      "p95" : 1.9625618,
      "p99" : 2.602110939999998
    },
    "timestamp" : 1757331209740
  }, {
    "setCommands" : 599752,
    "getCommands" : 2400298,
    "getHits" : 1920534,
    "getMisses" : 479764,
    "setErrors" : 0,
    "getErrors" : 0,
    "setLatencies" : {
      "count" : 599752,
      "min" : 0.168673,
      "max" : 13.362267,
      "mean" : 0.8288915908758959,
      "stdDev" : 0.6692285884692584,
      "p50" : 0.4815655,
      "p90" : 1.7993423000000002,
      "p95" : 1.96653255,
      "p99" : 2.2688306099999997
    },
    "getHitLatencies" : {
      "count" : 1920534,
      "min" : 0.217274,
      "max" : 16.142751,
      "mean" : 0.9181175038353855,
      "stdDev" : 0.7200840308306039,
      "p50" : 0.541645,
      "p90" : 2.0183089,
      "p95" : 2.1580391,
      "p99" : 2.65240956
    },
    "getMissLatencies" : {
      "count" : 479764,
      "min" : 0.073325,
      "max" : 13.26388,
      "mean" : 0.7532946138726544,
      "stdDev" : 0.7151741969820554,
      "p50" : 0.3822735,
      "p90" : 1.8366654,
      "p95" : 1.9625618,
      "p99" : 2.602110939999998
    },
    "timestamp" : 1757331209747
  } ],
  "resourceCheckpoints" : [ {
    "timestamp" : 1757330969747,
    "processCpuLoad" : 10.94686832223398,
    "systemCpuLoad" : 13.973776477666439,
    "availableProcessors" : 4,
    "usedMemory" : 360,
    "totalMemory" : 6144,
    "maxMemory" : 6144,
    "heapUsed" : 339,
    "heapCommitted" : 6144,
    "heapMax" : 6144,
    "nonHeapUsed" : 13,
    "usedPhysicalMemory" : 18946,
    "totalPhysicalMemory" : 126507
  }, {
    "timestamp" : 1757331029742,