{
  "implementation" : "JNI",
  "durationSec" : 300.032902616,
  "finalMetrics" : {
    "setCommands" : 95788,
    "getCommands" : 384235,
    "getHits" : 307594,
    "getMisses" : 76641,
    "setErrors" : 0,
    "getErrors" : 0,
    "setLatencies" : {
      "count" : 95788,
      "min" : 0.182947,
      "max" : 11.354351,
      "mean" : 0.6807051638931834,
      "stdDev" : 0.519385282709581,
      "p50" : 0.40707150000000003,
      "p90" : 1.3819297000000015,
      "p95" : 1.5207713999999994,
      "p99" : 1.9377567999999994
    },
    "getHitLatencies" : {
      "count" : 307594,
      "min" : 0.2388,
      "max" : 11.243399,
      "mean" : 0.7286705473026182,
      "stdDev" : 0.5456616243362892,
      "p50" : 0.433275,
      "p90" : 1.5546379000000001,
      "p95" : 1.6598046,
      "p99" : 2.02418021
    },
    "getMissLatencies" : {
      "count" : 76641,
      "min" : 0.086319,
      "max" : 13.54235,
      "mean" : 0.551590809123048,
      "stdDev" : 0.5413923315404277,
      "p50" : 0.267032,
      "p90" : 1.4122024,
      "p95" : 1.4956985,
      "p99" : 1.8307795199999999
    },
    "timestamp" : 1757330728443
  },
  "checkpoints" : [ {
    "setCommands" : 19229,
    "getCommands" : 76770,
    "getHits" : 61295,
    "getMisses" : 15475,
    "setErrors" : 0,
    "getErrors" : 0,
    "setLatencies" : {
      "count" : 19229,
      "min" : 0.182947,
      "max" : 10.510579,
      "mean" : 0.6801559584481796,
      "stdDev" : 0.5103165109802577,
      "p50" : 0.4132035,
      "p90" : 1.4244986000000004,
      "p95" : 1.4991168499999998,
      "p99" : 1.92507348
    },
    "getHitLatencies" : {
      "count" : 61297,
      "min" : 0.23959,
      "max" : 9.677154,
      "mean" : 0.7241319109418075,
      "stdDev" : 0.5388393721473005,
      "p50" : 0.43488499999999997,
      "p90" : 1.5744820000000002,
      "p95" : 1.6680895499999997,
      "p99" : 2.0534252200000003
    },
    "getMissLatencies" : {
      "count" : 15476,
      "min" : 0.093805,
      "max" : 4.952159,
      "mean" : 0.54755017956836,
      "stdDev" : 0.5244983620377595,
      "p50" : 0.264278,
      "p90" : 1.4005507,
      "p95" : 1.4874102500000002,
      "p99" : 1.86262662
    },
    "timestamp" : 1757330488433
  }, {
    "setCommands" : 38252,
    "getCommands" : 153746,
    "getHits" : 123023,
    "getMisses" : 30723,
    "setErrors" : 0,
    "getErrors" : 0,
    "setLatencies" : {
      "count" : 38252,
      "min" : 0.182947,
      "max" : 11.354351,
      "mean" : 0.6775964514535194,
      "stdDev" : 0.5167462565739521,
      "p50" : 0.410976,
      "p90" : 1.4463683999999999,
      "p95" : 1.5600221499999998,
      "p99" : 1.93704077
    },
    "getHitLatencies" : {
      "count" : 123025,
      "min" : 0.23959,
      "max" : 11.243399,
      "mean" : 0.7267246717659003,
      "stdDev" : 0.5419041075453183,
      "p50" : 0.4338385,
      "p90" : 1.4801974000000004,
      "p95" : 1.66721695,
      "p99" : 2.02156166
    },
    "getMissLatencies" : {
      "count" : 30723,
      "min" : 0.086319,
      "max" : 10.344054,
      "mean" : 0.5496111249877896,
      "stdDev" : 0.533916944868716,
      "p50" : 0.264239,
      "p90" : 1.3979811000000002,
      "p95" : 1.4874102500000002,
      "p99" : 1.8794685
    },
    "timestamp" : 1757330548429
  }, {
    "setCommands" : 57250,
    "getCommands" : 230750,
    "getHits" : 184671,
    "getMisses" : 46079,
    "setErrors" : 0,
    "getErrors" : 0,
    "setLatencies" : {
      "count" : 57250,
      "min" : 0.182947,
      "max" : 11.354351,
      "mean" : 0.6800625680873379,
      "stdDev" : 0.5104284131681801,
      "p50" : 0.41588,
      "p90" : 1.4402578000000001,
      "p95" : 1.5701142499999994,
      "p99" : 1.9514616999999999
    },
    "getHitLatencies" : {
      "count" : 184671,
      "min" : 0.23959,
      "max" : 11.243399,
      "mean" : 0.7282357916294357,
      "stdDev" : 0.5399638816959325,
      "p50" : 0.4331435,
      "p90" : 1.442747300000001,
      "p95" : 1.6427773499999998,
      "p99" : 2.02418021
    },
    "getMissLatencies" : {
      "count" : 46080,
      "min" : 0.086319,
      "max" : 10.344054,
      "mean" : 0.5505765866319394,
      "stdDev" : 0.5321214764058784,
      "p50" : 0.2654335,
      "p90" : 1.3980885,
      "p95" : 1.4702084999999991,
      "p99" : 1.8176513399999998
    },
    "timestamp" : 1757330608429
  }, {
    "setCommands" : 76432,
    "getCommands" : 307567,
    "getHits" : 246199,
    "getMisses" : 61368,
    "setErrors" : 0,
    "getErrors" : 0,
    "setLatencies" : {
      "count" : 76432,
      "min" : 0.182947,
      "max" : 11.354351,
      "mean" : 0.6795706897765356,
      "stdDev" : 0.510671028696426,
      "p50" : 0.4118915,
      "p90" : 1.3579761000000006,
      "p95" : 1.5330996499999996,
      "p99" : 1.93716691
    },
    "getHitLatencies" : {
      "count" : 246200,
      "min" : 0.2388,
      "max" : 11.243399,
      "mean" : 0.7276187269333854,
      "stdDev" : 0.5410157097251541,
      "p50" : 0.435202,
      "p90" : 1.5340282000000003,
      "p95" : 1.64951385,
      "p99" : 2.02418021
    },
    "getMissLatencies" : {
      "count" : 61368,
      "min" : 0.086319,
      "max" : 10.344054,
      "mean" : 0.5496879635477758,
      "stdDev" : 0.5323505040345372,
      "p50" : 0.26677649999999997,
      "p90" : 1.4107204,
      "p95" : 1.5059904,
      "p99" : 1.8433285299999997
    },
    "timestamp" : 1757330668429
  }, {
    "setCommands" : 95787,
    "getCommands" : 384211,
    "getHits" : 307577,
    "getMisses" : 76634,
    "setErrors" : 0,
    "getErrors" : 0,
    "setLatencies" : {
      "count" : 95787,
      "min" : 0.182947,
      "max" : 11.354351,
      "mean" : 0.68070025876163,
      "stdDev" : 0.5193857751911266,
      "p50" : 0.40707150000000003,
      "p90" : 1.3819297000000015,
      "p95" : 1.5207713999999994,
      "p99" : 1.9377567999999994
    },
    "getHitLatencies" : {
      "count" : 307578,
      "min" : 0.2388,
      "max" : 11.243399,
      "mean" : 0.7286550970290512,
      "stdDev" : 0.5456584920408526,
      "p50" : 0.433275,
      "p90" : 1.5546379000000001,
      "p95" : 1.6598046,
      "p99" : 2.02418021
    },
    "getMissLatencies" : {
      "count" : 76634,
      "min" : 0.086319,
      "max" : 13.54235,
      "mean" : 0.5516058213717088,
      "stdDev" : 0.5414082414465988,
      "p50" : 0.267032,
      "p90" : 1.4122024,
      "p95" : 1.4956985,
      "p99" : 1.8307795199999999
    },
    "timestamp" : 1757330728429
  }, {
    "setCommands" : 95788,
    "getCommands" : 384235,
    "getHits" : 307594,
    "getMisses" : 76641,
    "setErrors" : 0,
    "getErrors" : 0,
    "setLatencies" : {
      "count" : 95788,
      "min" : 0.182947,
      "max" : 11.354351,
      "mean" : 0.6807051638931834,
      "stdDev" : 0.519385282709581,
      "p50" : 0.40707150000000003,
      "p90" : 1.3819297000000015,
      "p95" : 1.5207713999999994,
      "p99" : 1.9377567999999994
    },
    "getHitLatencies" : {
      "count" : 307594,
      "min" : 0.2388,
      "max" : 11.243399,
      "mean" : 0.7286705473026182,
      "stdDev" : 0.5456616243362892,
      "p50" : 0.433275,
      "p90" : 1.5546379000000001,
      "p95" : 1.6598046,
      "p99" : 2.02418021
    },
    "getMissLatencies" : {
      "count" : 76641,
      "min" : 0.086319,
      "max" : 13.54235,
      "mean" : 0.551590809123048,
      "stdDev" : 0.5413923315404277,
      "p50" : 0.267032,
      "p90" : 1.4122024,
      "p95" : 1.4956985,
      "p99" : 1.8307795199999999
    },
    "timestamp" : 1757330728443
  } ],
  "resourceCheckpoints" : [ {
    "timestamp" : 1757330488435,
    "processCpuLoad" : 2.2217571032389727,
    "systemCpuLoad" : 2.8329234472293447,
    "availableProcessors" : 4,
    "usedMemory" : 625,
    "totalMemory" : 6144,
    "maxMemory" : 6144,
    "heapUsed" : 611,
    "heapCommitted" : 6144,
    "heapMax" : 6144,
    "nonHeapUsed" : 13,
    "usedPhysicalMemory" : 9793,
    "totalPhysicalMemory" : 126507
  }, {
    "timestamp" : 1757330548431,