{
  "implementation" : "JNI",
  "durationSec" : 300.044023128,
  "finalMetrics" : {
    "setCommands" : 49795,
    "getCommands" : 199227,
    "getHits" : 159412,
    "getMisses" : 39815,
    "setErrors" : 0,
    "getErrors" : 0,
    "setLatencies" : {
      "count" : 49795,
      "min" : 0.190365,
      "max" : 12.418886,
      "mean" : 0.6407213005723494,
      "stdDev" : 0.4287593274630715,
      "p50" : 0.42359800000000003,
      "p90" : 1.2161632,
      "p95" : 1.2352709499999999,
      "p99" : 1.2858815399999999
    },
    "getHitLatencies" : {
      "count" : 159412,
      "min" : 0.238391,
      "max" : 13.618307,
      "mean" : 0.6690541167164386,
      "stdDev" : 0.4340869445004684,
      "p50" : 0.438844,
      "p90" : 1.2512832999999999,
      "p95" : 1.26477285,
      "p99" : 1.2871818
    },
    "getMissLatencies" : {
      "count" : 39815,
      "min" : 0.097584,
      "max" : 8.701866,
      "mean" : 0.4876396243626748,
      "stdDev" : 0.41763906748873764,
      "p50" : 0.27597150000000004,
      "p90" : 1.0459144,
      "p95" : 1.05643515,
      "p99" : 1.08360251
    },
    "timestamp" : 1757330247496
  },
  "checkpoints" : [ {
    "setCommands" : 9815,
    "getCommands" : 39985,
    "getHits" : 31965,
    "getMisses" : 8020,
    "setErrors" : 0,
    "getErrors" : 0,
    "setLatencies" : {
      "count" : 9815,
      "min" : 0.193725,
      "max" : 6.924519,
      "mean" : 0.6472976350483943,
      "stdDev" : 0.42435679863434983,
      "p50" : 0.428859,
      "p90" : 1.2219893,
      "p95" : 1.24187385,
      "p99" : 1.31400485
    },
    "getHitLatencies" : {
      "count" : 31966,
      "min" : 0.244372,
      "max" : 5.069617,
      "mean" : 0.6651038319464462,
      "stdDev" : 0.4247223102905415,
      "p50" : 0.4429765,
      "p90" : 1.2471430000000001,
      "p95" : 1.260742,
      "p99" : 1.30426979
    },
    "getMissLatencies" : {
      "count" : 8021,
      "min" : 0.097784,
      "max" : 4.804147,
      "mean" : 0.489510759007603,
      "stdDev" : 0.41430713030816535,
      "p50" : 0.275396,
      "p90" : 1.0475304,
      "p95" : 1.0581664000000002,
      "p99" : 1.0747397200000002
    },
    "timestamp" : 1757330007474
  }, {
    "setCommands" : 19875,
    "getCommands" : 79725,
    "getHits" : 63775,
    "getMisses" : 15950,
    "setErrors" : 0,
    "getErrors" : 0,
    "setLatencies" : {
      "count" : 19875,
      "min" : 0.193725,
      "max" : 6.924519,
      "mean" : 0.6422925000251553,
      "stdDev" : 0.4220894610965713,
      "p50" : 0.42830500000000005,
      "p90" : 1.2150282000000001,
      "p95" : 1.2352346,
      "p99" : 1.28638946
    },
    "getHitLatencies" : {
      "count" : 63776,
      "min" : 0.241368,
      "max" : 7.304143,
      "mean" : 0.667595290312972,
      "stdDev" : 0.4278181836431321,
      "p50" : 0.4400865,
      "p90" : 1.2458122000000003,
      "p95" : 1.2620023,
      "p99" : 1.29221632
    },
    "getMissLatencies" : {
      "count" : 15950,
      "min" : 0.097671,
      "max" : 8.701866,
      "mean" : 0.4903331339811872,
      "stdDev" : 0.42012845887051337,
      "p50" : 0.274273,
      "p90" : 1.045484,
      "p95" : 1.05455545,
      "p99" : 1.07026064
    },
    "timestamp" : 1757330067471
  }, {
    "setCommands" : 29846,
    "getCommands" : 119554,
    "getHits" : 95551,
    "getMisses" : 24003,
    "setErrors" : 0,
    "getErrors" : 0,
    "setLatencies" : {
      "count" : 29846,
      "min" : 0.190365,
      "max" : 6.924519,
      "mean" : 0.636130229679022,
      "stdDev" : 0.42357218932222895,
      "p50" : 0.423734,
      "p90" : 1.2074074,
      "p95" : 1.2234961,
      "p99" : 1.2757706699999998
    },
    "getHitLatencies" : {
      "count" : 95551,
      "min" : 0.241368,
      "max" : 7.454689,
      "mean" : 0.6672672749526438,
      "stdDev" : 0.42890769280196817,
      "p50" : 0.43886400000000003,
      "p90" : 1.2462489999999997,
      "p95" : 1.26189185,
      "p99" : 1.2896131800000001
    },
    "getMissLatencies" : {
      "count" : 24003,
      "min" : 0.097671,
      "max" : 8.701866,
      "mean" : 0.4872615506811639,
      "stdDev" : 0.4150499236166586,
      "p50" : 0.27516399999999996,
      "p90" : 1.0455704000000001,
      "p95" : 1.05506375,
      "p99" : 1.0726652799999998
    },
    "timestamp" : 1757330127470
  }, {
    "setCommands" : 39832,
    "getCommands" : 159368,
    "getHits" : 127384,
    "getMisses" : 31984,
    "setErrors" : 0,
    "getErrors" : 0,
    "setLatencies" : {
      "count" : 39832,
      "min" : 0.190365,
      "max" : 6.924519,
      "mean" : 0.636180862648122,
      "stdDev" : 0.4234453612203605,
      "p50" : 0.4214155,
      "p90" : 1.2100179000000002,
      "p95" : 1.22593985,
      "p99" : 1.2742166300000002
    },
    "getHitLatencies" : {
      "count" : 127384,
      "min" : 0.241368,
      "max" : 9.530127,
      "mean" : 0.6668168623375005,
      "stdDev" : 0.4306808491079788,
      "p50" : 0.437335,
      "p90" : 1.2490893,
      "p95" : 1.2642938,
      "p99" : 1.289562
    },
    "getMissLatencies" : {
      "count" : 31984,
      "min" : 0.097584,
      "max" : 8.701866,
      "mean" : 0.4882039251188077,
      "stdDev" : 0.4175257155982678,
      "p50" : 0.276571,
      "p90" : 1.045412,
      "p95" : 1.0544021000000001,
      "p99" : 1.0726652799999998
    },
    "timestamp" : 1757330187470
  }, {
    "setCommands" : 49791,
    "getCommands" : 199208,
    "getHits" : 159399,
    "getMisses" : 39809,
    "setErrors" : 0,
    "getErrors" : 0,
    "setLatencies" : {
      "count" : 49791,
      "min" : 0.190365,
      "max" : 12.418886,
      "mean" : 0.6407262808138044,
      "stdDev" : 0.4287634353442663,
      "p50" : 0.42359800000000003,
      "p90" : 1.2161632,
      "p95" : 1.2352709499999999,
      "p99" : 1.2858815399999999
    },
    "getHitLatencies" : {
      "count" : 159400,
      "min" : 0.238391,
      "max" : 13.618307,
      "mean" : 0.6690466081869566,
      "stdDev" : 0.4340903815965137,
      "p50" : 0.438844,
      "p90" : 1.2512832999999999,
      "p95" : 1.26477285,
      "p99" : 1.2871818
    },
    "getMissLatencies" : {
      "count" : 39809,
      "min" : 0.097584,
      "max" : 8.701866,
      "mean" : 0.48759437717601295,
      "stdDev" : 0.41763049277814385,
      "p50" : 0.27597150000000004,
      "p90" : 1.0459144,
      "p95" : 1.05643515,
      "p99" : 1.08360251
    },
    "timestamp" : 1757330247470
  }, {
    "setCommands" : 49795,
    "getCommands" : 199227,
    "getHits" : 159412,
    "getMisses" : 39815,
    "setErrors" : 0,
    "getErrors" : 0,
    "setLatencies" : {
      "count" : 49795,
      "min" : 0.190365,
      "max" : 12.418886,
      "mean" : 0.6407213005723494,
      "stdDev" : 0.4287593274630715,
      "p50" : 0.42359800000000003,
      "p90" : 1.2161632,
      "p95" : 1.2352709499999999,
      "p99" : 1.2858815399999999
    },
    "getHitLatencies" : {
      "count" : 159412,
      "min" : 0.238391,
      "max" : 13.618307,
      "mean" : 0.6690541167164386,
      "stdDev" : 0.4340869445004684,
      "p50" : 0.438844,
      "p90" : 1.2512832999999999,
      "p95" : 1.26477285,
      "p99" : 1.2871818
    },
    "getMissLatencies" : {
      "count" : 39815,
      "min" : 0.097584,
      "max" : 8.701866,
      "mean" : 0.4876396243626748,
      "stdDev" : 0.41763906748873764,
      "p50" : 0.27597150000000004,
      "p90" : 1.0459144,
      "p95" : 1.05643515,
      "p99" : 1.08360251
    },
    "timestamp" : 1757330247496
  } ],
  "resourceCheckpoints" : [ {
    "timestamp" : 1757330007475,
    "processCpuLoad" : 1.2497257081953168,
    "systemCpuLoad" : 1.8338557993730409,
    "availableProcessors" : 4,
    "usedMemory" : 1023,
    "totalMemory" : 6144,
    "maxMemory" : 6144,
    "heapUsed" : 1012,
    "heapCommitted" : 6144,
    "heapMax" : 6144,
    "nonHeapUsed" : 13,
    "usedPhysicalMemory" : 9056,
    "totalPhysicalMemory" : 126507
  }, {
    "timestamp" : 1757330067472,
    "processCpuLoad" : 1.1904264214046822,