{
  "implementation" : "JNI",
  "durationSec" : 120.065216941,
  "finalMetrics" : {
    "setCommands" : 2160447,
    "getCommands" : 8641239,
    "getHits" : 6912178,
    "getMisses" : 1729061,
    "setErrors" : 0,
    "getErrors" : 0,
    "setLatencies" : {
      "count" : 2160447,
      "min" : 0.09094,
      "max" : 11.086724,
      "mean" : 1.1150525504972084,
      "stdDev" : 0.6671850612975174,
      "p50" : 0.827107,
      "p90" : 2.0680657,
      "p95" : 2.2124023999999998,
      "p99" : 2.4494781500000005
    },
    "getHitLatencies" : {
      "count" : 6912178,
      "min" : 0.08015,
      "max" : 11.315975,
      "mean" : 1.1050676732197866,
      "stdDev" : 0.6680048439859938,
      "p50" : 0.797306,
      "p90" : 2.0955159,
      "p95" : 2.2722356999999995,
      "p99" : 2.52746846
    },
    "getMissLatencies" : {
      "count" : 1729061,
      "min" : 0.083247,
      "max" : 10.446813,
      "mean" : 1.1080762546856222,
      "stdDev" : 0.6679204950076368,
      "p50" : 0.803931,
      "p90" : 2.0452033,
      "p95" : 2.2400873499999996,
      "p99" : 2.5121972799999996
    },
    "timestamp" : 1757327070286
  },
  "checkpoints" : [ {
    "setCommands" : 539289,
    "getCommands" : 2155170,
    "getHits" : 1724263,
    "getMisses" : 430907,
    "setErrors" : 0,
    "getErrors" : 0,
    "setLatencies" : {
      "count" : 539294,
      "min" : 0.096954,
      "max" : 7.097724,
      "mean" : 1.1189288343334116,
      "stdDev" : 0.669410429990198,
      "p50" : 0.8516060000000001,
      "p90" : 2.0760649,
      "p95" : 2.2387969,
      "p99" : 2.43417772
    },
    "getHitLatencies" : {
      "count" : 1724471,
      "min" : 0.084939,
      "max" : 7.53302,
      "mean" : 1.1088532468768606,
      "stdDev" : 0.6705989240097726,
      "p50" : 0.823898,
      "p90" : 2.0861251999999997,
      "p95" : 2.2477935499999995,
      "p99" : 2.51606168
    },
    "getMissLatencies" : {
      "count" : 430960,
      "min" : 0.087553,
      "max" : 7.071756,
      "mean" : 1.1109717844370819,
      "stdDev" : 0.6695781781134313,
      "p50" : 0.815822,
      "p90" : 2.0531229,
      "p95" : 2.1804138,
      "p99" : 2.45442872
    },
    "timestamp" : 1757326980247
  }, {
    "setCommands" : 1078187,
    "getCommands" : 4316572,
    "getHits" : 3453465,
    "getMisses" : 863107,
    "setErrors" : 0,
    "getErrors" : 0,
    "setLatencies" : {
      "count" : 1078187,
      "min" : 0.096954,
      "max" : 10.261339,
      "mean" : 1.1163630153526105,
      "stdDev" : 0.6680457827015438,
      "p50" : 0.831695,
      "p90" : 2.0650616,
      "p95" : 2.2119632,
      "p99" : 2.43426312
    },
    "getHitLatencies" : {
      "count" : 3453479,
      "min" : 0.084604,
      "max" : 10.446966,
      "mean" : 1.1070732913021912,
      "stdDev" : 0.6697215664336493,
      "p50" : 0.801642,
      "p90" : 2.0753276,
      "p95" : 2.2304716999999994,
      "p99" : 2.52858525
    },
    "getMissLatencies" : {
      "count" : 863114,
      "min" : 0.083247,
      "max" : 10.446813,
      "mean" : 1.1086751664774153,
      "stdDev" : 0.6692872209897812,
      "p50" : 0.8291919999999999,
      "p90" : 2.0789176,
      "p95" : 2.2108913500000003,
      "p99" : 2.48606905
    },
    "timestamp" : 1757327010240
  }, {
    "setCommands" : 1618395,
    "getCommands" : 6479281,
    "getHits" : 5183383,
    "getMisses" : 1295898,
    "setErrors" : 0,
    "getErrors" : 0,
    "setLatencies" : {
      "count" : 1618395,
      "min" : 0.09094,
      "max" : 11.086724,
      "mean" : 1.1154005324299665,
      "stdDev" : 0.667712133461968,
      "p50" : 0.8307165000000001,
      "p90" : 2.0977566,
      "p95" : 2.2317225499999997,
      "p99" : 2.4764238299999994
    },
    "getHitLatencies" : {
      "count" : 5183399,
      "min" : 0.084604,
      "max" : 11.315975,
      "mean" : 1.1054468065952647,
      "stdDev" : 0.6686615883888218,
      "p50" : 0.783733,
      "p90" : 2.0754194,
      "p95" : 2.26986445,
      "p99" : 2.53138445
    },
    "getMissLatencies" : {
      "count" : 1295910,
      "min" : 0.083247,
      "max" : 10.446813,
      "mean" : 1.1080861982421402,
      "stdDev" : 0.6685988966932059,
      "p50" : 0.8061860000000001,
      "p90" : 2.0809499,
      "p95" : 2.2400873499999996,
      "p99" : 2.53968814
    },
    "timestamp" : 1757327040240
  }, {
    "setCommands" : 2159784,
    "getCommands" : 8638507,
    "getHits" : 6909994,
    "getMisses" : 1728513,
    "setErrors" : 0,
    "getErrors" : 0,
    "setLatencies" : {
      "count" : 2159784,
      "min" : 0.09094,
      "max" : 11.086724,
      "mean" : 1.1150268016912992,
      "stdDev" : 0.6671545154190854,
      "p50" : 0.8257464999999999,
      "p90" : 2.0680657,
      "p95" : 2.2124023999999998,
      "p99" : 2.4494781500000005
    },
    "getHitLatencies" : {
      "count" : 6910207,
      "min" : 0.08015,
      "max" : 11.315975,
      "mean" : 1.1050284547892704,
      "stdDev" : 0.6679666508693184,
      "p50" : 0.797306,
      "p90" : 2.0955159,
      "p95" : 2.2722356999999995,
      "p99" : 2.52746846
    },
    "getMissLatencies" : {
      "count" : 1728576,
      "min" : 0.083247,
      "max" : 10.446813,
      "mean" : 1.1080536311107962,
      "stdDev" : 0.667913334720176,
      "p50" : 0.803931,
      "p90" : 2.0452033,
      "p95" : 2.2400873499999996,
      "p99" : 2.5121972799999996
    },
    "timestamp" : 1757327070244
  }, {
    "setCommands" : 2160447,
    "getCommands" : 8641239,
    "getHits" : 6912178,
    "getMisses" : 1729061,
    "setErrors" : 0,
    "getErrors" : 0,
    "setLatencies" : {
      "count" : 2160447,
      "min" : 0.09094,
      "max" : 11.086724,
      "mean" : 1.1150525504972084,
      "stdDev" : 0.6671850612975174,
      "p50" : 0.827107,
      "p90" : 2.0680657,
      "p95" : 2.2124023999999998,
      "p99" : 2.4494781500000005
    },
    "getHitLatencies" : {
      "count" : 6912178,
      "min" : 0.08015,
      "max" : 11.315975,
      "mean" : 1.1050676732197866,
      "stdDev" : 0.6680048439859938,
      "p50" : 0.797306,
      "p90" : 2.0955159,
      "p95" : 2.2722356999999995,
      "p99" : 2.52746846
    },
    "getMissLatencies" : {
      "count" : 1729061,
      "min" : 0.083247,
      "max" : 10.446813,
      "mean" : 1.1080762546856222,
      "stdDev" : 0.6679204950076368,
      "p50" : 0.803931,
      "p90" : 2.0452033,
      "p95" : 2.2400873499999996,
      "p99" : 2.5121972799999996
    },
    "timestamp" : 1757327070286
  } ],
  "resourceCheckpoints" : [ {
    "timestamp" : 1757326980252,
    "processCpuLoad" : 18.5751656048268,
    "systemCpuLoad" : 19.219897055100834,
    "availableProcessors" : 4,
    "usedMemory" : 110,
    "totalMemory" : 4096,
    "maxMemory" : 4096,
    "heapUsed" : 108,
    "heapCommitted" : 4096,
    "heapMax" : 4096,
    "nonHeapUsed" : 13,
    "usedPhysicalMemory" : 8720,
    "totalPhysicalMemory" : 126507
  }, {
    "timestamp" : 1757327010242,
    "processCpuLoad" : 18.652312768342462,
    "systemCpuLoad" : 19.31765303100808,
    "availableProcessors" : 4,
    "usedMemory" : 663,
    "totalMemory" : 4096,
    "maxMemory" : 4096,
    "heapUsed" : 660,
    "heapCommitted" : 4096,
    "heapMax" : 4096,
    "nonHeapUsed" : 18,
    "usedPhysicalMemory" : 8727,
    "totalPhysicalMemory" : 126507
  }, {
    "timestamp" : 1757327040241,
    "processCpuLoad" : 18.52251109701966,
    "systemCpuLoad" : 19.02940119633912,
    "availableProcessors" : 4,
    "usedMemory" : 1174,
    "totalMemory" : 4096,
    "maxMemory" : 4096,
    "heapUsed" : 1170,
    "heapCommitted" : 4096,
    "heapMax" : 4096,
    "nonHeapUsed" : 18,
    "usedPhysicalMemory" : 8723,
    "totalPhysicalMemory" : 126507
  }, {
    "timestamp" : 1757327070247,
    "processCpuLoad" : 18.37238758708043,
    "systemCpuLoad" : 19.16995630237909,
    "availableProcessors" : 4,
    "usedMemory" : 1673,
    "totalMemory" : 4096,
    "maxMemory" : 4096,
    "heapUsed" : 1672,
    "heapCommitted" : 4096,
    "heapMax" : 4096,
    "nonHeapUsed" : 18,